x,y
-21.1169,-7.9643
-21.1331,-8.0631
-21.1368,-8.1631
-21.1281,-8.2629
-21.1069,-8.3607
-21.0737,-8.4551
-21.0290,-8.5446
-20.9735,-8.6279
-20.9080,-8.7035
-20.8336,-8.7705
-20.7514,-8.8276
-20.6627,-8.8740
-20.5689,-8.9089
-20.4718,-8.9332
-20.3741,-8.9551
-20.2763,-8.9771
-20.1786,-8.9990
-20.0809,-9.0209
-19.9831,-9.0428
-19.8854,-9.0648
-19.7877,-9.0867
-19.6899,-9.1086
-19.5922,-9.1306
-19.4944,-9.1525
-19.3967,-9.1744
-19.2990,-9.1964
-19.2012,-9.2183
-19.1035,-9.2402
-19.0058,-9.2622
-18.9080,-9.2841
-18.8103,-9.3060
-18.7126,-9.3280
-18.6148,-9.3499
-18.5171,-9.3718
-18.4194,-9.3938
-18.3216,-9.4157
-18.2239,-9.4376
-18.1262,-9.4596
-18.0284,-9.4815
-17.9307,-9.5034
-17.8329,-9.5254
-17.7352,-9.5473
-17.6375,-9.5692
-17.5397,-9.5912
-17.4420,-9.6131
-17.3443,-9.6350
-17.2465,-9.6570
-17.1488,-9.6789
-17.0511,-9.7008
-16.9533,-9.7228
-16.8556,-9.7447
-16.7579,-9.7666
-16.6601,-9.7886
-16.5624,-9.8105
-16.4647,-9.8324
-16.3669,-9.8544
-16.2692,-9.8763
-16.1714,-9.8982
-16.0737,-9.9202
-15.9760,-9.9421
-15.8782,-9.9640
-15.7805,-9.9860
-15.6828,-10.0079
-15.5850,-10.0298
-15.4873,-10.0518
-15.3896,-10.0737
-15.2918,-10.0956
-15.1941,-10.1176
-15.0964,-10.1395
-14.9986,-10.1614
-14.9009,-10.1834
-14.8032,-10.2053
-14.7054,-10.2272
-14.6077,-10.2492
-14.5099,-10.2711
-14.4122,-10.2930
-14.3145,-10.3150
-14.2167,-10.3369
-14.1190,-10.3588
-14.0213,-10.3808
-13.9225,-10.3972
-13.8225,-10.4013
-13.7227,-10.3928
-13.6249,-10.3718
-13.5304,-10.3388
-13.4407,-10.2943
-13.3573,-10.2390
-13.2815,-10.1736
-13.2144,-10.0994
-13.1572,-10.0173
-13.1106,-9.9287
-13.0754,-9.8351
-13.0513,-9.7379
-13.0303,-9.6400
-13.0093,-9.5420
-12.9884,-9.4441
-12.9674,-9.3461
-12.9464,-9.2482
-12.9255,-9.1502
-12.9045,-9.0523
-12.8835,-8.9543
-12.8626,-8.8564
-12.8416,-8.7584
-12.8207,-8.6605
-12.7997,-8.5625
-12.7787,-8.4646
-12.7578,-8.3666
-12.7368,-8.2687
-12.7158,-8.1707
-12.6949,-8.0728
-12.6739,-7.9748
-12.6529,-7.8769
-12.6320,-7.7789
-12.6110,-7.6810
-12.5901,-7.5831
-12.5691,-7.4851
-12.5481,-7.3872
-12.5272,-7.2892
-12.5062,-7.1913
-12.4852,-7.0933
-12.4643,-6.9954
-12.4433,-6.8974
-12.4223,-6.7995
-12.4014,-6.7015
-12.3804,-6.6036
-12.3595,-6.5056
-12.3385,-6.4077
-12.3175,-6.3097
-12.2966,-6.2118
-12.2756,-6.1138
-12.2546,-6.0159
-12.2337,-5.9179
-12.2127,-5.8200
-12.1917,-5.7220
-12.1708,-5.6241
-12.1498,-5.5262
-12.1288,-5.4282
-12.1079,-5.3303
-12.0869,-5.2323
-12.0660,-5.1344
-12.0450,-5.0364
-12.0240,-4.9385
-12.0031,-4.8405
-11.9821,-4.7426
-11.9611,-4.6446
-11.9402,-4.5467
-11.9192,-4.4487
-11.8982,-4.3508
-11.8773,-4.2528
-11.8563,-4.1549
-11.8354,-4.0569
-11.8144,-3.9590
-11.7934,-3.8610
-11.7725,-3.7631
-11.7515,-3.6651
-11.7305,-3.5672
-11.7096,-3.4692
-11.6886,-3.3713
-11.6676,-3.2734
-11.6467,-3.1754
-11.6257,-3.0775
-11.6048,-2.9795
-11.5838,-2.8816
-11.5628,-2.7836
-11.5419,-2.6857
-11.5209,-2.5877
-11.5029,-2.4892
-11.4962,-2.3894
-11.5020,-2.2895
-11.5203,-2.1911
-11.5507,-2.0958
-11.5928,-2.0050
-11.6459,-1.9201
-11.7091,-1.8426
-11.7816,-1.7736
-11.8621,-1.7141
-11.9494,-1.6652
-12.0421,-1.6276
-12.1388,-1.6018
-12.2379,-1.5883
-12.3380,-1.5862
-12.4382,-1.5869
-12.5384,-1.5876
-12.6385,-1.5883
-12.7387,-1.5889
-12.8389,-1.5896
-12.9390,-1.5903
-13.0392,-1.5910
-13.1394,-1.5917
-13.2395,-1.5924
-13.3397,-1.5931
-13.4398,-1.5938
-13.5400,-1.5945
-13.6402,-1.5952
-13.7403,-1.5959
-13.8405,-1.5966
-13.9407,-1.5973
-14.0408,-1.5980
-14.1410,-1.5987
-14.2412,-1.5994
-14.3413,-1.6001
-14.4415,-1.6008
-14.5416,-1.6015
-14.6418,-1.6022
-14.7420,-1.6029
-14.8421,-1.6035
-14.9423,-1.6042
-15.0425,-1.6049
-15.1426,-1.6056
-15.2428,-1.6063
-15.3430,-1.6070
-15.4431,-1.6077
-15.5433,-1.6084
-15.6434,-1.6091
-15.7436,-1.6098
-15.8438,-1.6105
-15.9439,-1.6112
-16.0441,-1.6119
-16.1443,-1.6126
-16.2444,-1.6133
-16.3446,-1.6140
-16.4448,-1.6147
-16.5449,-1.6154
-16.6451,-1.6161
-16.7452,-1.6168
-16.8454,-1.6174
-16.9456,-1.6181
-17.0457,-1.6188
-17.1459,-1.6195
-17.2461,-1.6202
-17.3462,-1.6209
-17.4464,-1.6216
-17.5466,-1.6223
-17.6467,-1.6230
-17.7469,-1.6237
-17.8470,-1.6244
-17.9472,-1.6251
-18.0474,-1.6258
-18.1475,-1.6265
-18.2477,-1.6272
-18.3479,-1.6279
-18.4480,-1.6286
-18.5482,-1.6293
-18.6484,-1.6300
-18.7485,-1.6307
-18.8487,-1.6313
-18.9488,-1.6320
-19.0490,-1.6333
-19.1486,-1.6426
-19.2463,-1.6642
-19.3406,-1.6979
-19.4299,-1.7430
-19.5129,-1.7990
-19.5882,-1.8649
-19.6547,-1.9396
-19.7114,-2.0221
-19.7574,-2.1110
-19.7919,-2.2050
-19.8159,-2.3023
-19.8383,-2.3999
-19.8607,-2.4975
-19.8832,-2.5951
-19.9056,-2.6927
-19.9280,-2.7904
-19.9505,-2.8880
-19.9729,-2.9856
-19.9953,-3.0832
-20.0178,-3.1809
-20.0402,-3.2785
-20.0626,-3.3761
-20.0850,-3.4737
-20.1075,-3.5713
-20.1299,-3.6690
-20.1523,-3.7666
-20.1748,-3.8642
-20.1972,-3.9618
-20.2196,-4.0594
-20.2421,-4.1571
-20.2645,-4.2547
-20.2869,-4.3523
-20.3094,-4.4499
-20.3318,-4.5476
-20.3542,-4.6452
-20.3767,-4.7428
-20.3991,-4.8404
-20.4215,-4.9380
-20.4440,-5.0357
-20.4664,-5.1333
-20.4888,-5.2309
-20.5113,-5.3285
-20.5337,-5.4262
-20.5561,-5.5238
-20.5786,-5.6214
-20.6010,-5.7190
-20.6234,-5.8166
-20.6459,-5.9143
-20.6683,-6.0119
-20.6907,-6.1095
-20.7131,-6.2071
-20.7356,-6.3048
-20.7580,-6.4024
-20.7804,-6.5000
-20.8029,-6.5976
-20.8253,-6.6952
-20.8477,-6.7929
-20.8702,-6.8905
-20.8926,-6.9881
-20.9150,-7.0857
-20.9375,-7.1833
-20.9599,-7.2810
-20.9823,-7.3786
-21.0048,-7.4762
-21.0272,-7.5738
-21.0496,-7.6715
-21.0721,-7.7691
-21.0945,-7.8667
